registrant,client,income,expenses,issue_codes,entities_lobbied,lobbying_description,foreign_entities,affiliated_organizations,JACK_conviction,filing_uuid,filing_type,expenses_method,dt_posted,reg_id,cl_id
EAST CAPITOL ADVISORS LLC,CTIA - THE WIRELESS ASSOCIATION,30000.0,0.0,['TEC'],['HOUSE OF REPRESENTATIVES'],"['H.R.3949, End Cells in Cells Act, a bill to increase criminal penalties for contraband cell phones in prisons and jails.']",[],[],False,467e4a97-6351-4902-8ffa-dd51632e156b,Q1,0,2024-01-02 13:14:26,401107792.0,56764.0
EAST CAPITOL ADVISORS LLC,SHADOW NEXUS,15000.0,0.0,['INT'],['HOUSE OF REPRESENTATIVES'],"['General education to congressional defense and intelligence committees on Shadow Nexus technology, capabilities, and solutions.']",[],[],False,d4c934f7-dab7-4600-95dc-e0f1ff05a8a7,Q1,0,2024-01-02 13:19:24,401107792.0,57213.0
EB CONSULTING,FRANCIS ENERGY,1.0,0.0,[],[],[],[],[],False,fe906201-305e-499c-b98a-cc8f9fa8cfe7,1TY,0,2024-01-08 15:25:27,401106898.0,53583.0
BCE CORPORATION PMC,BCE CORPORATION PMC,0.0,1.0,['LAW'],"['Central Intelligence Agency (CIA)', 'Defense Intelligence Agency (DIA)', 'Defense Security Assistance Agency', 'Drug Enforcement Administration (DEA)', 'Federal Bureau of Investigation (FBI)', 'Federal Communications Commission (FCC)', 'Financial Crimes Enforcement Network (FinCEN)', 'Government Accountability Office (GAO)', 'HOUSE OF REPRESENTATIVES', 'Homeland Security, Dept of (DHS)', 'Office of Science & Technology Policy (OSTP)', 'Pentagon Force Protection Agency', 'SENATE', 'U.S. Information Agency (USIA)', 'U.S. Marshals Service', 'U.S. Secret Service', 'White House Office']","[""Nationwide and international fraud organization Caught Host City San Diego CA , Somalia, South Africa, Jamaica, Dominican Republic, Nigeria, Isreal , Haiti , Bahamas Also organized by Barrack Obama Election fraud Money laundering at vacation resorts using identity theft documents And business identity theft documents DS100-100w directional speaker device used by bias listed above For Havana Syndrome After doing a private investigation. Sextortion crimes with public corruption to coverup their crimes With federal agency support with clandestine Black Lives Matter is involved there involvement with fraud organization there activities are Malicious acts of Surveillance,Profiling misuse of information, Conditioning, Anchoring, Mobbing gang stalking, Street theatre, The use of directional speakers, Baiting or entrapment, Gaslighting, Blackbag jobs, Propaganda and disinformation, smearing campaigns, fraud investment schemes Most of the organization is located in Skyline, Emerald Hills, Lincoln Park, City Heights San Diego CA they think they have control over everything because they do fraud but in reality they have no control over anything. These groups create fake links to pretend there something there not then steal data information from there audience that they created to victimize themselves to hide from the FBI. Also there biggest schemes is forging California drivers license and identification cards printing. This group is responsible for , PPP loans , phone spoofing, SIM card swap, social media accounts to phish. Hotel motel credit card and ID copying and stealing at most of the hotels in San Diego, California that they pull exchange for drugs while the other groups build credit files under the victims names. The fraud organization use Google voice connected to victims phone numbers even mimicking military personnel bank accounts and civilian bank accounts while they data mine information. Even the prostitution ring in National City and El Cajon Blvd San Diego is stealing information if there not making money they steal and sell MD20s and other drugs. Most of the hotels and motels are taken over by these groups barging and entering and then doing fraud using hotel IP addresses and video game server addresses. The fraud organization linked to Atlanta scapegoats by victimizing themselves to coverup their schemes. The false victimized themselves in anyway possible so the FBI and secret service can focus on the scam case the fraud organization created. There counterfeit money printing in Texas and Atlanta GA and now there attempting counterfeit bills in San Diego California. The group Also abuse of spoofing House of Representatives office phone numbers using voice changers that they learned from the Jamaican fraud organization in Miami and Alabama This group also stole hospital records and documents inkjet printing schemes, Cryptocurrency fraud schemes. Even stole EBT from victims and passed information to Los Angeles connections including Las Vegas connections. They also created generic ALPHV Blackcat software. And still used VPNs that can be traced. This group is at it again with fraud trying to forge and steal business information to coverup there PPP loan scams and these groups are also making fake power of attorney letters to claim business taxs from small businesses. These people and groups would cover up there crimes by building an audience and a lie. Also the PPP loan and Pandemic benefits fraud! Since 2020 the suspects organization caught! Its time everyone knows the truth and why they hide behind others. A Somalian fraud group was gathering identity theft information for local blood and crip gang members and wobblers to start creating pandemic benefits fraud accounts nationwide they both shared the money over $20,000,000 stolen benefits. The Somalian Group collected business information while the wobblers did the work for 20% of the money. Explains Hamas funding. The fraud organization would target there victims to steal from there victims. location in skyline, city heights, emerald hills, Lincoln Park California is part of the Money laundering in the US. Virgin Islands is through shareholders with fake business names at vacation resorts all over the British and United States Virgin Islands. Along with other chapters. Fraud organization chapter is in San Diego linked to The Virgin Islands There's more then one chapter nationwide linked to the Virgin Islands there bias is of a darker origin. The San Diego fraud chapter mentioned it on the DS100-100w device they like to use Another fraud alert ( the fake experiment scam) Anyone receiving texts and being told to stay quiet about it? That's an invasion of privacy just to text random people with offers and gigs like listed below! Other news there is a group of people getting $15 or more a day and gift cards to perpetuate for them as well. If you're getting paid that way I suggest you leave that gig. Text messages to go to a place at a certain time and what to say to the victims that's baiting and entrapment tactics. The text message mentioned going to a location and what to say and do to a fake suspect that the fraud organization picked out to steal identity from. The group paying is the fraud ring chapter giving text messages out. Using Chat GPT all information is accurate""]",[],[],False,7466c7ee-8bd1-4496-94df-5d5322d25e2d,1A,A,2024-01-08 15:51:05,401108033.0,57863.0
NURSE-FAMILY PARTNERSHIP COLORADO,NURSE-FAMILY PARTNERSHIP COLORADO,0.0,1.0,['BUD'],"['Centers For Medicare and Medicaid Services (CMS)', 'HOUSE OF REPRESENTATIVES', 'Health & Human Services, Dept of (HHS)', 'SENATE']",['Lobbying for maternal and child healthcare - specific to home visiting programs.'],[],[],False,bbeaaa0f-187c-4a9f-8a30-31ba78cc242f,1A,A,2024-01-15 19:22:21,400275297.0,188794.0
COURSON NICKEL LLC,VENYU SOLUTIONS,1.0,0.0,[],[],[],[],[],False,629b901b-e910-42ed-8e47-9ef9f7a5040f,1TY,0,2024-01-16 14:16:56,73555.0,167093.0
BGR GOVERNMENT AFFAIRS,WAYLINK ASSETS LIMITED,1.0,0.0,[],[],[],[],[],False,bbdf8e10-73de-40fb-b963-b3ba86000afa,1TY,0,2024-01-17 16:41:09,5357.0,55415.0
BGR GOVERNMENT AFFAIRS,"ENVIROTECH VEHICLES, INC.",1.0,0.0,[],[],[],[],[],False,05e1dc6e-5fb2-41e9-8cee-7dffb7d1178f,1TY,0,2024-01-17 16:46:39,5357.0,54023.0
"535 GROUP, LLC",BOY SCOUTS OF AMERICA,1.0,0.0,[],[],[],[],[],False,90197488-9365-437a-b755-127d45a1280c,1TY,0,2024-01-17 18:01:57,401105906.0,212851.0
"535 GROUP, LLC",PMI GLOBAL SERVICES INC.,1.0,0.0,[],[],[],[],[],False,9f54a1df-9b28-4b20-8b90-26a32e847d2c,1TY,0,2024-01-17 18:05:44,401105906.0,208412.0
"PORTER GROUP, LLC",LONGVIEW RANCH,1.0,0.0,[],[],[],[],[],False,9ca7d853-1e56-4fb8-8aca-2cc909f3698c,1TY,0,2024-01-19 19:40:25,400745228.0,211128.0
BGR GOVERNMENT AFFAIRS,LETTERONE HOLDINGS S.A.,1.0,0.0,[],[],[],[],[],False,a8e9f493-beb8-4fab-82c4-d8ca5b20c998,1TY,0,2024-01-22 14:05:45,5357.0,106674.0
BGR GOVERNMENT AFFAIRS,AT CAPITAL PTE. LTD.,1.0,0.0,[],[],[],[],[],False,11510a8a-ab5b-4d66-baf9-2f6ba5279a66,1TY,0,2024-01-22 14:07:43,5357.0,51023.0
BGR GOVERNMENT AFFAIRS,CLEARY GOTTLIEB STEEN & HAMILTON LLP ON BEHALF OF VENEZUELA CREDITOR COMMITTEE,1.0,0.0,[],[],[],[],[],False,61c1ee99-269a-4d39-b0e4-9e35d0ae90d5,1TY,0,2024-01-22 14:08:44,5357.0,53743.0
DANCE/USA,DANCE/USA,0.0,1.0,[],[],[],[],[],False,73f7cfbc-6c62-4f9f-b8a9-d4cd52726054,1TY,B,2024-01-26 12:55:49,40020151.0,187968.0
OPERA AMERICA,OPERA AMERICA,0.0,1.0,[],[],[],[],[],False,b1f6e0dc-bd0e-42ed-bdb6-32f61ac11daa,1TY,B,2024-01-26 13:01:14,30234.0,135736.0
HUSCH BLACKWELL STRATEGIES,CASSIDY & ASSOCIATES ON BEHALF OF EXPEDIA INC.,1.0,0.0,[],[],[],[],[],False,23acf7c6-f4dd-4c0f-8cb0-df40eb91950d,1TY,0,2024-01-31 16:12:12,401104718.0,202454.0
HUSCH BLACKWELL STRATEGIES,CASSIDY & ASSOCIATES (ON BEHALF OF BJC HEALTHCARE SYSTEMS),1.0,0.0,[],[],[],[],[],False,28ae3d20-a285-47fc-8a37-46895b7b09c9,1TY,0,2024-01-31 16:18:53,401104718.0,53346.0
INCLUDED HEALTH,INCLUDED HEALTH,0.0,10000.0,['HCR'],"['HOUSE OF REPRESENTATIVES', 'SENATE', 'White House Office']","['HR 824 - Telehealth Benefit Expansion for Workers Act HR 1843/S1001 - Telehealth Expansion Act of 2023 HR 5378 - Lower Costs, More Transparency Act']",[],[],False,24aa3971-815e-40ca-a63f-455ff0090c03,1T,A,2024-02-01 11:24:42,401107190.0,54141.0
"NVG, LLC","WORKING FAMILIES ORGANIZATION, INC.",10000.0,0.0,"['ENG', 'ENV']","['HOUSE OF REPRESENTATIVES', 'SENATE']","['Issues related to implementation of Inflation Reduction Act.', 'Issues related to implementation of Inflation Reduction Act. H.R.1 - Lower Energy Costs Act. H.R.797/S.271 - Farm System Reform Act of 2023. H.R.1705/S.919 - A. Donald McEachin Environmental Justice For All Act. H.R.2764 - Green New Deal for Health Act. Issues related to American Climate Corps. S.2988 - Green New Deal for Public Schools Act of 2023.']",[],[],False,96a33d77-96dd-4cdc-b3ec-d31ba69ca0a3,1T,0,2024-02-01 14:25:02,76833.0,208332.0
"CANYON SNOW CONSULTING, LLC",SANMINA CORPORATION,1.0,0.0,"['TAX', 'TEC']","['HOUSE OF REPRESENTATIVES', 'SENATE']","['Tax credits for U.S. manufacturing of printed circuit boards.', 'Funding for U.S. manufacturing of printed circuit boards.']",[],[],False,0ecef75f-38bd-4880-adb8-08a7267b8698,1T,0,2024-02-01 16:12:47,400459261.0,51346.0
"SOMATUS, INC.","SOMATUS, INC.",0.0,1.0,[],[],[],[],[],False,38a2a020-e299-437f-9a17-14c2aa514ddb,1TY,0,2024-02-02 10:57:30,401107038.0,53996.0
OSF HEALTHCARE SYSTEM,OSF HEALTHCARE SYSTEM,0.0,60000.0,"['CIV', 'MMM', 'HCR']","['Centers For Medicare and Medicaid Services (CMS)', 'HOUSE OF REPRESENTATIVES', 'Health & Human Services, Dept of (HHS)', 'Health Resources & Services Administration (HRSA)', 'Medicare Payment Advisory Commission (MedPAC)', 'SENATE']","['Catholic Identity Issues and ability to operate in a manner consistent with our faith.', 'Educating on impacts of various proposed site neutral payment policies being discussed by advocacy groups in Washington D.C. Lobbied against provisions included in HR5378.', 'Educating Members of Congress on the impact of proposed Site Neutral Payment Legislation, 340B Legislation, and ongoing efforts to reduce Medicare reimbursements. Lobbied against provisions included in the lower cost more transparency act of 2023, HR5378.']",[],[],False,bc98cfb6-f304-444d-a04d-0040b49e6bf9,Q1,A,2024-02-02 11:16:12,56394.0,159890.0
"EDINGTON, PEEL & ASSOCIATES, INC.",AMERICAN COUNCILS FOR INTERNATIONAL EDUCATION,10000.0,0.0,"['DEF', 'BUD']","['HOUSE OF REPRESENTATIVES', 'SENATE']","['House and Senate National Defense Authorization Acts for fiscal year 2025. All issues relating to strategic language training.', 'House (H.R. 4665) and Senate (S. 2438) State, Foreign Operations and Related Programs appropriations bills for fiscal year 2024; H.R. 5860, Fiscal Year 2024 Continuing Appropriations and Other Extensions Act (through 11/17/2023); and H.R. 6363, FY2024 Further Continuing Appropriations and Other Extensions (through 2/2/2024). All issues relating to international academic, cultural and professional exchanges, and strategic language training. House (H. 4365) and Senate (S. 2587) Defense appropriations bills for fiscal year 2024 and H.R. 5860, Fiscal Year 2024 Continuing Appropriations and Other Extensions Act (through 11/17/2023); and and H.R. 6363, FY2024 Further Continuing Appropriations and Other Extensions (through 2/2/2024). All issues relating to strategic language training. House and Senate State, Foreign Operations and Related Programs appropriations bills for fiscal year 2025. All issues relating to international academic, cultural and professional exchanges, and strategic language training. House and Senate Defense appropriations bills for fiscal year 2025. All issues relating to strategic language training.']",[],[],False,21bca3f8-04db-4958-96b4-b3d90f4287bf,1T,0,2024-02-04 12:29:18,13118.0,118803.0
"EDINGTON, PEEL & ASSOCIATES, INC.",GAVI ALLIANCE (FORMERLY KNOWN AS THE GAVI FUND),10000.0,0.0,['BUD'],"['HOUSE OF REPRESENTATIVES', 'SENATE', 'U.S. Agency for International Development (USAID)']","['House (H.R. 4665) and Senate (S. 2438) State, Foreign Operations and Related Programs appropriations bills for fiscal year 2024; H.R. 5860, Fiscal Year 2024 Continuing Appropriations and Other Extensions Act (through 11/17/2023); H.R. 6363, FY2024 Further Continuing Appropriations and Other Extensions (through 2/2/2024); and H.R. 2872 Further Additional Continuing Appropriations and Other Extensions Act (through 3/08/2024). Accounts related to global health and maternal and child health.']",[],[],False,c8de2a4c-07ea-43d8-9de6-5e69bb54cc94,1T,0,2024-02-04 12:37:36,13118.0,118797.0
"OKTA, INC.","OKTA, INC.",0.0,80000.0,"['DEF', 'CPI']","['HOUSE OF REPRESENTATIVES', 'Homeland Security, Dept of (DHS)', 'Office of Management & Budget (OMB)', 'SENATE']","['HR2670 / S2226 - National Defense Authorization Act for Fiscal Year 2024; Provisions related to establishment of certain identity, credential and access management activities as program of record', 'HR4552/S2251 - Federal Information Security Modernization Act of 2023; provisions related to Cybersecurity Requirements Executive Order regarding Identity Theft in Public Benefits; provisions related to solution-neutral approach Digital Identity Guidelines (NIST SP 800-63B) and Federal Zero Trust Strategy (OMB Memo M-22-09); provisions related to phishing resistant multi-factor authentication FedRAMP Authorization Act; provisions related to implementation of the act FAR Case 2021-017/FAR Case 2021-019; provisions related to cyber incident notification definitions, law enforcement access to IT systems, and Software Bill of Materials.']",[],[],False,b200ac91-3626-4e61-b0ee-e9c92202979a,1T,A,2024-02-06 14:01:55,401106548.0,51010.0
PIONEER PUBLIC AFFAIRS,"RESURETY, INC.",1.0,0.0,[],[],[],[],[],False,9deab91c-58a9-4155-bf46-c3696c8ba514,1TY,0,2024-02-07 13:10:43,401105888.0,54493.0
MODERN FORTIS LLC,"PINE BELT CELLULAR, INC",1.0,0.0,"['HOM', 'BUD', 'TEC']","['HOUSE OF REPRESENTATIVES', 'SENATE']","['Funding and Implementation of Secure and Trusted Communications Networks Reimbursement Program', 'Funding for Secure and Trusted Communications Networks Reimbursement Program', 'Funding and Implementation of Secure and Trusted Communications Networks Reimbursement Program']",[],[],False,3a3336e5-1ecd-41e0-917b-58ac811f14c9,1T,0,2024-02-07 14:12:26,401107756.0,57148.0
MODERN FORTIS LLC,DIVE EQUIPMENT & MARKETING ASSOCIATION,10000.0,0.0,"['INS', 'TOR']","['HOUSE OF REPRESENTATIVES', 'SENATE']","['Section 11503 of the 2023 National Defense Authorization Act', 'Section 11503 of the 2023 National Defense Authorization Act']",[],[],False,08d4341e-ca6f-4e61-b608-1657e1edeb4e,1T,0,2024-02-07 14:14:16,401107756.0,57149.0
"HUSCH BLACKWELL, LLP",NEBRASKA INVESTMENT FINANCE AUTHORITY,1.0,0.0,[],[],[],[],[],False,e2e1919f-d767-4ee0-99cf-65a4ca5a2a15,1TY,0,2024-02-08 11:58:34,6303.0,108345.0
"HUSCH BLACKWELL, LLP","ARJ INFUSION SERVICES, INC.",1.0,0.0,[],[],[],[],[],False,76912afd-707c-49bf-8f2a-1d2df35d18fa,1TY,0,2024-02-08 12:28:45,6303.0,108405.0
"HUSCH BLACKWELL, LLP","MICRO MINI SYSTEMS, INC.",1.0,0.0,[],[],[],[],[],False,a1957029-19d5-4206-904a-5a2cf94f0364,1TY,0,2024-02-08 12:30:41,6303.0,108417.0
"CONTINENTAL STRATEGY, LLC",TETHER OPERATIONS LIMITED,1.0,0.0,[],[],[],[],[],False,cf099732-5b52-4d53-87a8-a29a95a1f490,1TY,0,2024-02-08 12:47:43,401106285.0,54177.0
CENTER HILL SOLUTIONS,INTERNATIONAL COUNCIL OF EMPLOYERS (ICE),1.0,0.0,"['TAX', 'LBR', 'ECN']","['HOUSE OF REPRESENTATIVES', 'SENATE']","['pension reform, composite plans', 'Worker misclassification, OSHA / DOL funding, Davis Bacon', 'Infrastructure funding, construction funding, school construction']",[],[],False,d2e2ceaa-1ba2-4ddf-9b60-d62b447a7cfc,Q1,0,2024-02-08 16:34:58,401104004.0,200607.0
ATLANTIC STRATEGIES GROUP,ARETE ASSOCIATES,1.0,0.0,[],[],[],[],[],False,647caf52-7b24-412d-8299-2547adfffa51,1TY,0,2024-02-09 10:42:23,401057985.0,197562.0
MICHAEL BEST STRATEGIES LLC,EXXONMOBIL CORPORATION,30000.0,0.0,"['TAX', 'ENG']",['HOUSE OF REPRESENTATIVES'],"['General energy-related issues.', 'General energy-related issues.']",[],[],False,bb810b5a-9186-4fb7-aa52-5d67a97a0b55,1T,0,2024-02-09 14:57:19,401103565.0,213669.0
CONGRESSIONAL STRATEGIES LLC,FORS MARSH GROUP,1.0,0.0,"['HCR', 'DEF']","['HOUSE OF REPRESENTATIVES', 'SENATE']","['Language recommendations for PAHPA Reauthorization Act to capture COVID-19 public education campaign lessons learned and best practices to guide future pandemic preparation and response communications strategies.', 'Support of the FY2024 budget and appropriations request for DHRA and language recommendations for the FY2024 National Defense Authorization Act on military recruitment issues and establishment of an evidence-based DOD prevention clearinghouse.']",[],[],False,0c948eef-cb10-41a6-a468-2a43e5f4cbae,1T,0,2024-02-09 15:10:40,58636.0,210607.0
"INTERNATIONAL LAW GROUP OF HUMAN AND CIVIL RIGHTS ATTORNEYS, P.C.","INTERNATIONAL LAW GROUP OF HUMAN AND CIVIL RIGHTS ATTORNEYS, P.C.",0.0,1.0,[],[],[],[],[],False,b0bea24e-65d5-4cc1-9d8e-a3379b427030,1@Y,B,2024-02-12 12:04:42,401108241.0,58696.0
KEY BRIDGE ADVISORS,HEDERA HASHGRAPH LLC,1.0,0.0,[],[],[],[],[],False,d7362c8e-a1f4-4aed-841e-9380fa04ea77,1TY,0,2024-02-12 20:33:57,401105296.0,211959.0
BLUFF POINT STRATEGIES LLC,"SECURE IDENTITY, LLC",7500.0,0.0,"['TOU', 'HOM', 'AVI']",['SENATE'],"['Issues related to the deployment of biometric identity verification technology.', 'Issues related to the deployment of biometric identity verification technology.', 'Issues related to the deployment on biometric identity verification.']",[],[],False,c060f04b-9205-4884-b2e4-6555d5a64f70,1T,0,2024-02-13 20:49:10,401108011.0,57908.0
STRATEGIC MARKETING INNOVATIONS,PLASTIC OMNIUM,1.0,0.0,[],[],[],[],[],False,0b57e70b-7cd9-4ba1-b1d0-3a62c6b3b94f,1TY,0,2024-02-15 11:13:44,60550.0,55368.0
JEFFREY J. KIMBELL AND ASSOCIATES,"HORIZON THERAPEUTICS USA, INC. (FKA HORIZON PHARMA USA, INC.)",40000.0,0.0,[],[],[],[],[],False,7fc45669-348e-4c8a-9f2d-c378c5fd4bf3,1TY,0,2024-02-15 12:39:41,46038.0,153936.0
"POTOMAC GLOBAL ADVISORS, LLC",CAMARA NACIONAL DE LA INDUSTRIA PESQUERA Y AQUACULTURA,1.0,0.0,"['TRD', 'MAR', 'FOO']","['HOUSE OF REPRESENTATIVES', 'SENATE']","['Fish products import/Seafood Import Monitoring Program', 'International Fisheries Management', 'Seafood Import Monitoring Trade issues Tuna LABELING']",[],[],False,a8a23211-c764-4e61-8181-87be1e8bc39f,1T,0,2024-02-15 13:48:16,401012860.0,196834.0
"SARAH BLACKWOOD GOVERNMENT RELATIONS, LLC",TAIYO NIPPON SANSO CORP.,20000.0,0.0,[],[],[],[],[],False,3e3453a3-0d92-4f65-883f-e2a13cfdb11f,Q1Y,0.0,2024-02-16 18:58:09,401103935.0,57256.0
AKIN GUMP STRAUSS HAUER & FELD,"BEIJING XIAOMI MOBILE SOFTWARE CO., LTD.",1.0,0.0,[],[],[],[],[],False,7a7113b5-570a-40bc-976e-f835d269fcb0,1TY,0,2024-02-18 12:22:07,682.0,209305.0
AKIN GUMP STRAUSS HAUER & FELD,HESAI GROUP,60000.0,0.0,"['TRD', 'MAN', 'AUT']","['HOUSE OF REPRESENTATIVES', 'SENATE']","['Outreach and education regarding LIDAR technology.', 'Outreach and education regarding LIDAR technology.', 'Outreach and education regarding LIDAR technology.']",[],[],False,bbcbbae6-4763-4663-9a47-fa52d5ab9b16,1T,0,2024-02-18 12:25:20,682.0,57225.0
HUSCH BLACKWELL STRATEGIES,NATIONAL MILK PRODUCERS FEDERATION,1.0,0.0,"['TRD', 'AGR', 'TRA']","['HOUSE OF REPRESENTATIVES', 'SENATE']","['Issues related to the export of agricultural products.', 'Issues related to the production, sale and export of agricultural products.', 'Address transportation and logistics related to agricultural products.']",[],[],False,3ddcfcf4-ce65-41f4-a061-0c7c314ea169,1T,0,2024-02-20 12:46:29,401104718.0,210939.0
"BROWNSTEIN HYATT FARBER SCHRECK, LLP",HESAI GROUP,70000.0,0.0,['AUT'],['HOUSE OF REPRESENTATIVES'],['Technological advancement of the automotive industry'],[],[],False,75f5743d-b2aa-4e56-afce-ad5c20a7cb89,1T,0,2024-02-20 17:38:16,7257.0,57229.0
THE VOGEL GROUP,DJI TECHNOLOGY,120000.0,0.0,"['DIS', 'HOM', 'DEF']","['HOUSE OF REPRESENTATIVES', 'SENATE']","['HR 4820, HR 4367, HR 4394, HR 4365, HR 4366, HR 2670, S2226Amdt. 510', 'HR 4820, HR 4367, HR 4394, HR 4365, HR 4366, HR 2670, S2226Amdt. 510', 'HR 4820, HR 4367, HR 4394, HR 4365, HR 4366, HR 2670, S2226Amdt. 510']",[],[],False,6790af89-3797-4c09-acf5-2304cd941d0d,1T,0,2024-02-21 11:20:04,401104734.0,52017.0
THE VOGEL GROUP,COMPLETE GENOMICS,150000.0,0.0,['DEF'],"['HOUSE OF REPRESENTATIVES', 'SENATE']",['H.R. 2670 National Defense Authorization Act for Fiscal year 2024 H.Amdt. 257'],[],[],False,9f3d0946-237f-41a4-ab8d-5e2a4dd22317,1T,0,2024-02-21 11:25:39,401104734.0,57051.0
AKIN GUMP STRAUSS HAUER & FELD,ENPOWER INC.,1.0,0.0,[],[],[],[],[],False,d5e85504-cbd4-4cd5-8a6e-d7ea17cf90ba,1TY,0,2024-02-22 12:00:56,682.0,51841.0
MR. AMIR GOULART SCHARIF,FUEL ETHANOL DISRUPTIVE BIOTECHNOLOGY RESEARCH CENTER INCORPATED,1.0,0.0,"['SCI', 'ENG', 'CPT']",[],"['Activities for the development of the energy independence strategy', 'Activities for the development of the energy independence strategy', 'Activities for the development of the energy independence strategy']",[],[],False,0dfde278-a661-4138-aea7-6ac931a342da,Q1,0,2024-02-22 14:05:21,401105292.0,203509.0
"AVOQ, LLC (FRA TEAM SUBJECT MATTER, LLC)","DJI TECHNOLOGY, INC.",80000.0,0.0,"['AVI', 'BUD']","['HOUSE OF REPRESENTATIVES', 'SENATE']","['H.R. 2864, Countering CCP Drones Act; S. 1939, FAA Reauthorization Act of 2023', 'H.R. 4367, Department of Homeland Security Appropriations Act, 2024; H.R. 4820, Transportation, Housing and Urban Development, and Related Agencies Appropriations Act, 2024']",[],[],False,88ec33b4-9942-4586-a1f2-96fcf57b81e4,1T,0,2024-02-22 14:20:24,313271.0,57441.0
INVARIANT LLC,KLARNA INC,1.0,0.0,[],[],[],[],[],False,a6ec3eff-4e27-407c-a647-b6df99f4c4ab,1TY,0,2024-02-22 15:02:53,314237.0,54199.0
FORBES-TATE,BIPARTISAN POLICY CENTER ACTION,1.0,0.0,[],[],[],[],[],False,8543a723-102e-4b67-a6ba-3a827b7dc38f,1TY,0,2024-02-22 15:08:29,400976792.0,51143.0
FORBES-TATE,"SECURE IDENTITY, LLC DBA CLEAR",1.0,0.0,[],[],[],[],[],False,abfb4d1c-3e93-4dd1-a329-f1aed4871f2f,1TY,0,2024-02-22 15:14:12,400976792.0,196652.0
FORBES-TATE,"US RADIOLOGY SPECIALISTS, INC.",1.0,0.0,[],[],[],[],[],False,4902af87-0cc9-43f4-b1b0-b084bd49be64,1TY,0,2024-02-22 15:22:45,400976792.0,56553.0
FORBES-TATE,FIGHT COLORECTAL CANCER,1.0,0.0,[],[],[],[],[],False,8a610595-d5c8-4c33-8e05-a45ac5e6ab52,1TY,0,2024-02-22 15:28:24,400976792.0,56708.0
BOYDEN GRAY & ASSOCIATES PLLC,ILLINOIS CORN GROWERS ASSOCIATION,1.0,0.0,['FUE'],[],['Motor vehicle fuel regulation related to ethanol.'],[],[],False,92848a62-d219-48b0-ae85-8942139dc0d8,1T,0,2024-02-22 16:13:39,400748240.0,194911.0
STEPTOE LLP,"BGI SHENZHEN CO., LTD.",100000.0,0.0,['GOV'],"['HOUSE OF REPRESENTATIVES', 'SENATE']","['S. 3558, a bill to prohibit contracting with certain biotechnology providers, and for other purposes; S. 3411, Safeguarding American Genetic Data Act of 2023; S. 3385, a bill to prohibit contracting with certain biotechnology providers; H.R.7085 - BIOSECURE Act']",[],[],False,ffa2623c-eb8b-47d2-958e-7e320b14e6a3,1T,0,2024-02-22 16:29:50,36710.0,56802.0
SALINAS STRATEGIES LLC,INTERNATIONAL COUNCIL OF SHOPPING CENTERS,1.0,0.0,[],[],[],[],[],False,1f71365f-6d5a-4a1f-9ddc-f868e8523b10,1TY,0,2024-02-23 10:03:03,401106227.0,57022.0
WASHINGTON PREMIER GROUP,PETER DAMON GROUP ON BEHALF OF BESI,1.0,0.0,['ENG'],[],['Biomass alternative Energy Integration'],[],[],False,6c531c3f-d261-4b92-9711-fa01876d627b,Q1,0,2024-02-23 12:16:39,400558667.0,58892.0
"MICHELIN NORTH AMERICA, INC.",MICHELIN NORTH AMERICA INC,0.0,212500.0,"['TAX', 'DEF', 'LBR', 'SCI', 'FOR', 'ENV', 'TRD', 'TRA']","['Commerce, Dept of (DOC)', 'Energy, Dept of', 'Environmental Protection Agency (EPA)', 'HOUSE OF REPRESENTATIVES', 'Intl Trade Administration (ITA)', 'Natl Highway Traffic Safety Administration (NHTSA)', 'Natl Institute of Standards & Technology (NIST)', 'SENATE', 'State, Dept of (DOS)', 'Transportation, Dept of (DOT)', 'U.S. International Trade Commission (ITC)']","['Amendments to support annual tax deductions for research and development expenses, retread tire credit, OECD Pillar 1 and Pillar 2.', 'National Defense Authorization Act for FY 2024, Heavy Duty Truck and military mobility issues. Cold weather tires. Tweel research. Department of Defense Appropriations Act for Fiscal Year 2024.', 'Workplace stability. Workforce Apprenticeship programs.Non-Compete issues and proposals.', 'Issues related to advanced manufacturing technology and innovation; hydrogen infrastructure; tire retreading, SuperTruck3 Program; Sustainability.', 'General Foreign Direct Investment issues in general. CFIUS, Executive Order on Ensuring Robust Consideration of Evolving National Security Risks by the Committee on Foreign Investment in the United States.', 'General environment and sustainable mobility; including climate, recycling, chemical and hydrogen issues. Superfund chemical tax issues. Super Truck; Heavy Duty Truck; Tracks; Cold Weather Tires, National Defense Authorization Act for Fiscal Year 2024, Department of Defense Appropriations Act for Fiscal Year 2024', 'General trade, tariffs, supply chain, and sanction issues.', 'Innovation and technology issues related to tires, non-pneumatic technology and advanced mobility. Removal of Regulatory barriers. Michelin Petition related to Federal Motor Vehicle Safety Standards for Tires Issues related to motor vehicle and road safety; retreading, recycling. Issues related to transportation and infrastructure proposals. Intelligent transportation in general.']","[('GENERAL COMPANY OF THE MICHELIN ENTERPRISES P.L.S.', 'France')]",[],False,ace5a086-5492-46af-93a6-6fe2f41cea7c,Q1,A,2024-02-23 13:27:34,25124.0,132770.0
TODD STRATEGY GROUP,"GRAIL, INC.",20000.0,0.0,['HCR'],"['HOUSE OF REPRESENTATIVES', 'SENATE']","['Issues related to oncology and multi cancer early detection, including diagnostics and screening. H.R.2407 - Nancy Gardner Sewell Medicare Multi-Cancer Early Detection Screening Coverage Act.']",[],[],False,3dfed822-747b-44fc-90fd-d6cc803231c8,1T,0,2024-02-23 15:07:42,401103321.0,205222.0
TODD STRATEGY GROUP,"KARIUS, INC.",20000.0,0.0,['HCR'],"['HOUSE OF REPRESENTATIVES', 'Health & Human Services, Dept of (HHS)', 'SENATE']",['Issues related to infectious disease diagnostics. Inpatient Prospective Payment System Regulation. ARPA-H BAA/ BARDA DRIVe. Pandemic and All-Hazards Preparedness Act (PAHPA).'],[],[],False,4eba7a1a-a866-4d9e-af37-56c56db13072,1T,0,2024-02-23 15:09:54,401103321.0,52495.0
ATLANTIC STRATEGIES GROUP,THE NATURE CONSERVANCY,1.0,0.0,[],[],[],[],[],False,e4ea7890-b749-4f52-ba6c-abd71c55cc3d,1TY,0,2024-02-23 18:28:13,401057985.0,208516.0
ATLANTIC STRATEGIES GROUP,WILDLIFE COMPUTERS,1.0,0.0,[],[],[],[],[],False,5f123103-78cf-4b9d-9159-a1858b87645d,1TY,0,2024-02-23 18:32:15,401057985.0,197557.0
WAYNE STATE UNIVERSITY,WAYNE STATE UNIVERSITY,0.0,1.0,[],[],[],[],[],False,afd2f3de-2617-483e-88f3-def496e44fa8,1TY,A,2024-02-26 11:00:03,401107639.0,56240.0
"BROADWATER INTERNATIONAL, INC.",MIRABELLA SG SPA,40000.0,0.0,['DEF'],"['Navy, Dept of']","['Issues related to the Naval Support Site at Gricignano, Italy.']",[],[],False,1aea544e-6c9d-4d7d-b2df-6ca5c71dc12c,Q1,0,2024-02-26 16:41:52,401105615.0,205777.0
"NATIONAL COUNCIL OF HIGHER EDUCATION LOAN PROGRAMS, INC",NATIONAL COUNCIL OF HIGHER EDUCATION LOAN PROGRAMS INC,0.0,20000.0,['EDU'],"['Consumer Financial Protection Bureau (CFPB)', 'Education, Dept of', 'Federal Communications Commission (FCC)', 'HOUSE OF REPRESENTATIVES', 'Office of Management & Budget (OMB)', 'SENATE', 'Treasury, Dept of', 'White House Office']","['General higher education financing and, specifically, federal and private student loan policy; loan servicing; loan collections; income-driven repayment plans; financial wellness and college access and success programs; reauthorization of the Higher Education Act; implementation of the Coronavirus Aid, Relief, and Economic Security (CARES) Act and subsequent packages to address the spread of the coronavirus pandemic, the impact of COVID-19 on federal and private student loan borrowers, the U.S. Department of Educations implementation of Dear Colleague Letter 21-03 and Operation Fresh Start regarding defaulted borrowers with loans under the Federal Family Education Loan Program (FFELP), and the U.S. Department of Educations implementation of a federal student loan forgiveness plan through the negotiated rulemaking process; budget and appropriations issues relating to higher education, including the Department of Labor/Health and Human Services/Education Appropriations Act for Fiscal Year 2024, and the Consolidated Appropriations Act for Fiscal Years 2023, 2022, 2021, 2020, 2019, 2018, 2017, and 2016 (Labor/HHS/Education portion); implementation of the Fostering Undergraduate Talent by Unlocking Resources for Education (FUTURE) Act and the Free Application for Federal Student Aid (FAFSA) Simplification Act; implementation of the Health Care and Education Reconciliation Act (PL 111-152); Consumer Financial Protection Bureau activities relating to private education loans, loan servicing, and debt collections; implementation of the Dodd-Frank Wall Street Reform and Consumer Protection Act (PL 111-203) and amendments thereto made by the Economic Growth, Regulatory Relief, and Consumer Protection Act (Public Law 115-174); implementation of the Bipartisan Budget Act of 2015 (restriction on contacting student loan borrowers under the Telephone Consumer Protection Act (TCPA)); and tax-exempt financing of private activity bonds for education loans.']",[],[],False,329d6635-6482-457c-8fdd-014cf0dfea0b,1T,A,2024-02-28 13:09:23,27640.0,134308.0
"MOLNLYCKE HEALTH CARE US, LLC","MOLNLYCKE HEALTH CARE US, LLC",0.0,30000.0,['HCR'],"['HOUSE OF REPRESENTATIVES', 'SENATE']",['FY2024 VA/Milcon Appropriations- Advocacy to advance congressional report & bill langauge surrounding the prevention & treatment of pressure injuries/pressure ulcers'],[],[],False,aa0a1b8e-105b-41cd-a97b-df2d3d2a5d8e,Q1,A,2024-02-28 14:50:39,401104898.0,202907.0
THE VOGEL GROUP,CHAMBER OF PROGRESS,1.0,0.0,['LBR'],"['HOUSE OF REPRESENTATIVES', 'SENATE']","['Lobby technology, kids, workforce, autonomous vehicles, crypto, and fintech']",[],[],False,9f46300e-716e-420b-aee3-acfc3d8ef71f,1T,0,2024-02-29 11:33:08,401104734.0,51412.0
"ROSEWOOD GLOBAL ADVISORS, LLC",ROCHE DIAGNOSTICS CORPORATION,38498.0,0.0,"['HCR', 'FOR']","['HOUSE OF REPRESENTATIVES', 'SENATE']","['Support authorization and appropriations of PEPFAR.', 'Help reauthorize and appropriate the PEPFAR program.']",[],[],False,5e77b6e2-9fa1-4679-b4d8-e286885eb7ac,1@,0.0,2024-02-29 12:29:39,401106795.0,54347.0
SKYLINE CAPITOL LLC,THE TUNNEL TO TOWERS FOUNDATION,1.0,0.0,[],[],[],[],[],False,213e66c9-2976-46e2-86a2-d665a3bd1f66,1TY,0,2024-02-29 13:18:57,401108050.0,58963.0
SALINAS STRATEGIES LLC,US MANUFACTURERS ASSOCIATION FOR DEVELOPMENT AND ENTERPRISE,1.0,0.0,[],[],[],[],[],False,bc90d806-81b6-4d57-8644-790f0a13eaf8,1TY,0,2024-02-29 15:42:23,401106227.0,212553.0
CAPITOL REPRESENTATIVES,GREENWAY FOUNDATION,1.0,0.0,[],[],[],[],[],False,66b9aec4-fe7a-454f-b119-66facce54f42,1TY,0,2024-02-29 17:16:04,306170.0,181947.0
CAPITOL REPRESENTATIVES,CHATFIELD RESERVOIR MITIGATION COMPANY,1.0,0.0,[],[],[],[],[],False,a4470e18-492d-49bf-b58d-2c880ab421be,1TY,0,2024-02-29 17:20:32,306170.0,181950.0
BGR GOVERNMENT AFFAIRS,COVANTA HOLDING CORPORATION,1.0,0.0,[],[],[],[],[],False,309a3308-49e2-4525-b934-b7fc4efdfbbb,1TY,0,2024-02-29 20:38:09,5357.0,51964.0
BGR GOVERNMENT AFFAIRS,GLOBAL RISK ADVISORS,1.0,0.0,[],[],[],[],[],False,67e20c95-4b45-4f39-a1fb-e6130ea23328,1TY,0,2024-02-29 20:40:03,5357.0,53745.0
"HANNEGAN LANDAU POERSCH & ROSENBAUM ADVOCACY, LLC","DARDEN RESTAURANTS, INC.",40000.0,0.0,"['TAX', 'LBR']","['HOUSE OF REPRESENTATIVES', 'SENATE', 'Treasury, Dept of', 'White House Office']","['Tax issues impacting Darden Restaurants.', 'Workforce issues. Minimum wage legislation.']",[],[],False,f2eafd0a-8d49-4094-a825-96f423a0eb90,1T,0,2024-03-01 14:11:06,400918672.0,196201.0
"THEGROUP DC, LLC","CDP NORTH AMERICA, INC.",1.0,0.0,[],[],[],[],[],False,731b2e26-317d-4c4a-b9a3-36ace1d0b269,1TY,0,2024-03-01 15:46:16,401103834.0,210207.0
"THEGROUP DC, LLC","US BLACK CHAMBERS, INC.",1.0,0.0,[],[],[],[],[],False,d24e48f5-538d-47bb-b69c-f0a1c8ccb510,1TY,0,2024-03-01 15:49:02,401103834.0,213283.0
GWC PUBLIC AFFAIRS LLC,WESTERN LANDOWNERS ALLIANCE,10000.0,0.0,['AGR'],"['Agriculture, Dept of (USDA)', 'Bureau of Land Management (BLM)', 'HOUSE OF REPRESENTATIVES', 'SENATE']","['Monitor and engage on legislative and administrative action relating to land ownership, endangered species, water, programs of the Natural Resources Conservation Service, and farm bill']",[],[],False,282b247c-14e0-4ea6-941e-def16cea7f50,1T,0,2024-03-01 16:41:31,401107933.0,57324.0
BRODY GROUP L.L.C. PUBLIC AFFAIRS,TEPLI INC.,5000.0,0.0,[],[],[],[],[],False,bf1ae041-cbb9-4f47-ad50-15c05fd4f575,Q1Y,0.0,2024-03-04 12:17:16,323318.0,59004.0
HOLLIER & ASSOCIATES,NATIONAL WILDLIFE FEDERATION,20000.0,0.0,['NAT'],['SENATE'],"['S. 1149, Recovering Americas Wildlife Act (RAWA)']",[],[],False,661535b9-c9ef-4e17-a085-8bf99d233bcc,1T,0,2024-03-04 12:31:13,313533.0,57341.0
TWO BRANCH STRATEGIES,LIBERTY UNIVERSITY,10000.0,0.0,['VET'],['HOUSE OF REPRESENTATIVES'],['Liberty University had its Veterans Affairs approved flight program suspended. Arranged meetings with appropriate House Committee on Veterans Affairs staff to make them aware. Connected Liberty staff with the appropriate State Approving Agent to help navigate reversing the suspension.'],[],[],False,2fa896ba-50d2-4f74-9d33-eba81be2f411,1T,0,2024-03-04 16:23:35,401107777.0,58215.0
TWO BRANCH STRATEGIES,THE INDEPENDENCE FUND,40000.0,0.0,['VET'],"['HOUSE OF REPRESENTATIVES', 'SENATE']",['continue to track the MilCon-VA appropriations bill and legislative packages'],[],[],False,92449cb9-753d-4cf6-b11a-89b573f6b338,Q1,0,2024-03-04 16:24:40,401107777.0,58213.0
